{
  "schema_name": "qc_schema_output",
  "schema_version": 1,
  "molecule": {
    "symbols": [
      "C ",
      "O ",
      "H ",
      "H ",
      "H ",
      "H "
    ],
    "geometry": [
      0.17286269664764404E+1,
      0.76552808284759521E-1,
      -0.11716302484273911E-1,
      0.82968425750732422E+0,
      -0.11310011148452759E+1,
      0.21999247074127197E+1,
      0.1037554144859314E+1,
      0.2021780252456665E+1,
      -0.4259442538022995E-1,
      0.10300897359848022E+1,
      -0.92439734935760498E+0,
      -0.16773775815963745E+1,
      0.37936251163482666E+1,
      0.83979427814483643E-1,
      -0.35337877925485373E-2,
      0.14726824760437012E+1,
      -0.28520879745483398E+1,
      0.21751503944396973E+1
    ]
  }
}
