{
  "inputs": {
    "t0": 0.10000000000000001E+0,
    "tf": 0.11000000000000001E+1
  }
}
