{
  "inputs": {
    "tutus0": 0.10000000000000001E+0,
    "tutusf": 0.11000000000000001E+1
  }
}
