{
  "schema_name": "qc_schema_output",
  "schema_version": 1,
  "provenance": {
    "creator": "QUICK",
    "version": "24.03"
  },
  "molecule": {
    "symbols": [
      "O ",
      "H ",
      "H "
    ],
    "geometry": [
      0.0E+0,
      0.93145656585693359E+0,
      0.57791769504547119E+0,
      0.0E+0,
      0.11296624690294266E+0,
      0.22283966541290283E+1,
      0.0E+0,
      0.27585270404815674E+1,
      0.83219486474990845E+0
    ]
  },
  "wavefunction": {
    "basis": {
      "name": "6-31G",
      "filename": "/workspaces/QUICK/install/basis/6-31G.BAS",
      "description": "6-31G calculation for /workspaces/QUICK/docs/examples/test2.in",
      "center_data": {
        "atom_O": {
          "electron_shells": [
            {
              "angular_momentum": [
                0
              ],
              "coefficients": [
                0.18310744781047106E-2,
                0.13950171880424023E-1,
                0.68445079028606415E-1,
                0.23271434009075165E+0,
                0.47019290924072266E+0,
                0.35852086544036865E+0
              ],
              "exponents": [
                0.5484671875E+4,
                0.82523492431640625E+3,
                0.18804695129394531E+3,
                0.52964500427246094E+2,
                0.1689756965637207E+2,
                0.57996354103088379E+1
              ]
            },
            {
              "angular_momentum": [
                0
              ],
              "coefficients": [
                -0.11077754944562912E+0,
                -0.14802625775337219E+0,
                0.11307669878005981E+1
              ],
              "exponents": [
                0.15539616584777832E+2,
                0.35999336242675781E+1,
                0.10137617588043213E+1
              ]
            },
            {
              "angular_momentum": [
                1
              ],
              "coefficients": [
                0.7087426632642746E-1,
                0.33975285291671753E+0,
                0.72715860605239868E+0
              ],
              "exponents": [
                0.15539616584777832E+2,
                0.35999336242675781E+1,
                0.10137617588043213E+1
              ]
            },
            {
              "angular_momentum": [
                0
              ],
              "coefficients": [
                0.1E+1
              ],
              "exponents": [
                0.27000582218170166E+0
              ]
            },
            {
              "angular_momentum": [
                1
              ],
              "coefficients": [
                0.1E+1
              ],
              "exponents": [
                0.27000582218170166E+0
              ]
            }
          ]
        },
        "atom_H": {
          "electron_shells": [
            {
              "angular_momentum": [
                0
              ],
              "coefficients": [
                0.33494602888822556E-1,
                0.23472695052623749E+0,
                0.81375730037689209E+0
              ],
              "exponents": [
                0.18731136322021484E+2,
                0.28253943920135498E+1,
                0.6401216983795166E+0
              ]
            },
            {
              "angular_momentum": [
                0
              ],
              "coefficients": [
                0.1E+1
              ],
              "exponents": [
                0.16127775609493256E+0
              ]
            }
          ]
        },
        "atom_H": {
          "electron_shells": [
            {
              "angular_momentum": [
                0
              ],
              "coefficients": [
                0.33494602888822556E-1,
                0.23472695052623749E+0,
                0.81375730037689209E+0
              ],
              "exponents": [
                0.18731136322021484E+2,
                0.28253943920135498E+1,
                0.6401216983795166E+0
              ]
            },
            {
              "angular_momentum": [
                0
              ],
              "coefficients": [
                0.1E+1
              ],
              "exponents": [
                0.16127775609493256E+0
              ]
            }
          ]
        }
      },
      "atom_map": [
        "atom_O",
        "atom_H",
        "atom_H"
      ]
    }
  },
  "success": true
}
